<?xml version="1.0" encoding="utf-8"?>
<band>
  <name>  </name>
  <Header>
  Kategori
  </Header>
  <Header>
  Favoritt
  </Header>
  <Kategori>
    Tastatur
  </Kategori>
  <Favoritt>
  HHKB Pro 2
  </Favoritt>
  <Kategori>
    Film/filmserie
  </Kategori>
   <Favoritt>
  The Prestige
  </Favoritt>
  <Kategori>
    Bok/bokserie
  </Kategori>
   <Favoritt>
  Oyasumi Punpun
  </Favoritt>
  <Kategori>
    Tv-serie
  </Kategori>
   <Favoritt>
  Modern Family
  </Favoritt>
    <Kategori>
    Størrelse på ark
  </Kategori>
   <Favoritt>
  4A0
  </Favoritt>


</band>
