<?xml version="1.0" encoding="utf-8"?>
<band>
  <name>  </name>
  <Header>
  Kategori
  </Header>
  <Header>
  Favoritt
  </Header>
  <Kategori>
    Tastatur
  </Kategori>
  <Favoritt>
  Noe
  </Favoritt>
  <Kategori>
    Film/filmserie
  </Kategori>
   <Favoritt>
  Noe
  </Favoritt>
  <Kategori>
    Bok/bokserie
  </Kategori>
   <Favoritt>
  Noe
  </Favoritt>
  <Kategori>
    Tv-serie
  </Kategori>
   <Favoritt>
  Noe
  </Favoritt>
    <Kategori>
    Størrelse på ark
  </Kategori>
   <Favoritt>
  Noe
  </Favoritt>
  
  
</band>
